,stockDate,stockOpen,stockHigh,stockLow,stockClose,adjClose,volume,stockName,est_N5
1344,2019-03-14,31.28,31.55,30.94,31.03,31.03,12090600.0,TWTR,31.741999999999997
1345,2019-03-15,31.04,31.41,30.71,31.22,31.22,17522700.0,TWTR,31.602999999999998
1346,2019-03-18,31.25,31.58,30.84,31.08,31.08,13172600.0,TWTR,31.286999999999995
1347,2019-03-19,31.15,31.5,30.88,31.27,31.27,15557400.0,TWTR,31.086000000000006
1348,2019-03-20,31.24,32.65,31.16,32.57,32.57,22373800.0,TWTR,31.177
1349,2019-03-21,32.31,32.69,32.03,32.61,32.61,13346900.0,TWTR,32.373
1350,2019-03-22,32.5,34.21,32.34,33.02,33.02,28034700.0,TWTR,33.031000000000006
1351,2019-03-25,32.83,33.3,32.28,32.59,32.59,15272300.0,TWTR,33.676
1352,2019-03-26,32.98,33.86,32.92,33.06,33.06,17252300.0,TWTR,33.339000000000006
1353,2019-03-27,32.93,33.45,31.95,32.28,32.28,13669400.0,TWTR,33.05800000000001
1354,2019-03-28,32.29,32.93,31.73,32.87,32.87,17750600.0,TWTR,32.52600000000001
1355,2019-03-29,33.1,33.24,32.47,32.88,32.88,13529300.0,TWTR,32.580999999999996
1356,2019-04-01,33.16,33.68,32.7,33.44,33.44,12499700.0,TWTR,32.853
1357,2019-04-02,33.44,33.89,33.23,33.75,33.75,11638000.0,TWTR,33.31399999999999
1358,2019-04-03,34.0,34.76,33.81,34.38,34.38,18041000.0,TWTR,34.096999999999994
1359,2019-04-04,34.7,35.14,33.9,34.42,34.42,14604100.0,TWTR,34.631
1360,2019-04-05,34.55,34.8,34.37,34.72,34.72,9571700.0,TWTR,34.980000000000004
1361,2019-04-08,34.79,35.06,34.51,34.86,34.86,10655000.0,TWTR,35.111000000000004
1362,2019-04-09,34.84,35.39,34.81,35.14,35.14,13889700.0,TWTR,35.194
1363,2019-04-10,35.26,35.27,34.51,34.75,34.75,11648800.0,TWTR,35.291999999999994
1364,2019-04-11,34.75,34.87,34.41,34.58,34.58,10982700.0,TWTR,35.102
1365,2019-04-12,34.67,34.83,34.11,34.37,34.37,12713800.0,TWTR,34.693000000000005
1366,2019-04-15,34.38,35.03,34.34,34.71,34.71,10248400.0,TWTR,34.27799999999999
1367,2019-04-16,34.84,34.99,34.23,34.46,34.46,9396300.0,TWTR,34.337999999999994
1368,2019-04-17,34.73,34.9,34.2,34.48,34.48,9023000.0,TWTR,34.43899999999999
1369,2019-04-18,34.67,34.86,34.32,34.4,34.4,9806100.0,TWTR,34.486999999999995
1370,2019-04-22,34.4,34.62,33.82,34.39,34.39,19704300.0,TWTR,34.43299999999999
1371,2019-04-23,36.93,40.53,36.91,39.77,39.77,104262000.0,TWTR,34.278
1372,2019-04-24,39.86,39.95,38.8,39.29,39.29,30266900.0,TWTR,38.659000000000006
1373,2019-04-25,39.26,40.13,38.19,38.48,38.48,26044800.0,TWTR,40.962999999999994
1374,2019-04-26,38.59,39.34,38.18,38.67,38.67,15270500.0,TWTR,41.18399999999999
1375,2019-04-29,38.63,39.97,38.63,39.78,39.78,19680000.0,TWTR,40.30099999999999
1376,2019-04-30,39.79,40.92,39.65,39.91,39.91,22912000.0,TWTR,39.017999999999994
1377,2019-05-01,40.0,40.07,39.26,39.29,39.29,14962600.0,TWTR,39.988
1378,2019-05-02,39.24,40.0,38.84,39.95,39.95,13419100.0,TWTR,40.083999999999996
1379,2019-05-03,40.48,40.82,39.96,40.8,40.8,15577100.0,TWTR,40.141000000000005
1380,2019-05-06,39.69,40.44,39.45,40.23,40.23,14517400.0,TWTR,40.57000000000001
1381,2019-05-07,39.9,40.15,38.12,38.62,38.62,19283100.0,TWTR,40.681
1382,2019-05-08,38.45,39.15,38.33,38.58,38.58,9168400.0,TWTR,39.46000000000001
1383,2019-05-09,38.11,39.02,37.82,38.79,38.79,10010700.0,TWTR,38.16
1384,2019-05-10,38.68,39.16,37.86,38.45,38.45,12259000.0,TWTR,37.703
1385,2019-05-13,37.5,37.64,36.37,36.59,36.59,16829700.0,TWTR,37.91700000000001
1386,2019-05-14,37.04,37.52,36.6,36.93,36.93,11125100.0,TWTR,36.949000000000005
1387,2019-05-15,36.67,38.14,36.64,37.9,37.9,11523100.0,TWTR,36.21800000000002
1388,2019-05-16,38.11,38.72,38.05,38.3,38.3,10104400.0,TWTR,36.742000000000004
1389,2019-05-17,37.83,38.13,37.47,37.5,37.5,9090300.0,TWTR,37.937
1390,2019-05-20,37.12,37.73,36.92,37.15,37.15,9411900.0,TWTR,38.401
1391,2019-05-21,37.47,37.86,37.33,37.47,37.47,8861400.0,TWTR,37.568
1392,2019-05-22,37.41,39.32,37.24,38.58,38.58,21105400.0,TWTR,37.06100000000001
1393,2019-05-23,38.15,38.29,36.8,37.19,37.19,18398800.0,TWTR,37.958999999999996
1394,2019-05-24,37.47,37.85,37.27,37.41,37.41,9303900.0,TWTR,37.821
1395,2019-05-28,37.41,38.04,37.23,37.29,37.29,11770300.0,TWTR,37.63199999999999
1396,2019-05-29,37.02,37.4,36.52,36.85,36.85,12270300.0,TWTR,37.12899999999999
1397,2019-05-30,37.0,37.29,36.6,37.14,37.14,7413100.0,TWTR,36.456
1398,2019-05-31,36.62,36.96,36.3,36.44,36.44,8556100.0,TWTR,36.97800000000001
1399,2019-06-03,36.45,36.9,34.04,34.43,34.43,22217100.0,TWTR,36.399
1400,2019-06-04,35.18,36.15,34.97,36.1,36.1,15357100.0,TWTR,34.590999999999994
1401,2019-06-05,36.5,36.71,35.95,36.33,36.33,12798700.0,TWTR,34.928999999999995
1402,2019-06-06,36.26,36.75,35.96,36.59,36.59,8863000.0,TWTR,35.5
1403,2019-06-07,36.87,38.31,36.8,37.93,37.93,15399700.0,TWTR,36.638
1404,2019-06-10,38.35,38.64,37.62,37.64,37.64,10036400.0,TWTR,38.523
1405,2019-06-11,38.09,38.26,36.85,37.21,37.21,9528600.0,TWTR,38.322
1406,2019-06-12,37.13,37.62,37.05,37.49,37.49,6793300.0,TWTR,37.983000000000004
1407,2019-06-13,37.04,37.04,35.76,36.34,36.34,21679400.0,TWTR,37.696
1408,2019-06-14,36.36,36.49,36.04,36.15,36.15,7791100.0,TWTR,36.32300000000001
1409,2019-06-17,36.26,36.68,36.11,36.44,36.44,7896000.0,TWTR,35.811
1410,2019-06-18,36.71,37.51,36.55,36.65,36.65,12705500.0,TWTR,35.861999999999995
1411,2019-06-19,36.63,36.68,35.81,36.29,36.29,12059700.0,TWTR,36.14
1412,2019-06-20,36.35,36.65,35.33,35.44,35.44,19676100.0,TWTR,36.494
1413,2019-06-21,35.5,35.75,34.99,35.02,35.02,12853600.0,TWTR,35.723
1414,2019-06-24,35.19,35.67,34.82,35.58,35.58,9216800.0,TWTR,34.753
1415,2019-06-25,35.52,35.73,34.57,34.72,34.72,11196400.0,TWTR,34.77300000000001
1416,2019-06-26,34.98,35.38,34.92,35.22,35.22,8744800.0,TWTR,34.51
1417,2019-06-27,35.44,35.64,34.61,34.75,34.75,12655900.0,TWTR,34.974
1418,2019-06-28,34.75,34.99,34.28,34.9,34.9,15505300.0,TWTR,34.788
1419,2019-07-01,35.5,36.25,35.22,36.08,36.08,14416800.0,TWTR,34.635
1420,2019-07-02,36.17,36.6,35.89,36.22,36.22,8393200.0,TWTR,35.854
1421,2019-07-03,36.29,36.39,35.94,36.02,36.02,5372600.0,TWTR,36.433
1422,2019-07-05,36.0,36.35,35.6,36.25,36.25,6084800.0,TWTR,36.752
1423,2019-07-08,36.04,36.64,35.87,36.45,36.45,8058100.0,TWTR,36.68600000000001
1424,2019-07-09,36.35,37.67,36.29,37.65,37.65,14218000.0,TWTR,36.434999999999995
1425,2019-07-10,37.9,38.03,36.88,37.47,37.47,11831800.0,TWTR,37.504999999999995
1426,2019-07-11,37.66,37.87,36.97,37.21,37.21,8549500.0,TWTR,38.05799999999999
1427,2019-07-12,37.37,37.9,37.17,37.84,37.84,8048700.0,TWTR,37.888
1428,2019-07-15,38.0,38.97,37.94,38.68,38.68,12738700.0,TWTR,38.025999999999996
1429,2019-07-16,38.78,38.79,37.82,37.99,37.99,10979600.0,TWTR,38.499
1430,2019-07-17,37.86,38.23,37.56,37.7,37.7,7926600.0,TWTR,38.59100000000001
1431,2019-07-18,37.39,37.8,37.0,37.66,37.66,11125900.0,TWTR,38.223
1432,2019-07-19,37.96,38.09,36.73,36.77,36.77,10842400.0,TWTR,37.572
1433,2019-07-22,36.92,37.69,36.83,37.58,37.58,8405600.0,TWTR,36.515
1434,2019-07-23,37.87,38.02,36.82,37.9,37.9,10741500.0,TWTR,37.01499999999999
1435,2019-07-24,38.0,38.8,37.76,38.73,38.73,12488500.0,TWTR,37.617999999999995
1436,2019-07-25,39.0,39.23,37.91,38.12,38.12,21255400.0,TWTR,38.708999999999996
1437,2019-07-26,40.07,42.33,40.0,41.52,41.52,57527600.0,TWTR,38.974999999999994
1438,2019-07-29,41.5,42.22,40.9,41.5,41.5,21170600.0,TWTR,41.199999999999996
1439,2019-07-30,41.08,41.72,40.82,41.0,41.0,15670600.0,TWTR,42.551
1440,2019-07-31,41.08,43.24,41.01,42.31,42.31,29745300.0,TWTR,42.55
1441,2019-08-01,42.54,43.48,41.72,42.08,42.08,22883600.0,TWTR,43.248
1442,2019-08-02,41.82,43.04,41.59,42.85,42.85,20617200.0,TWTR,42.261
1443,2019-08-05,41.58,42.0,39.62,40.37,40.37,23081000.0,TWTR,43.081999999999994
1444,2019-08-06,40.92,41.64,40.78,41.32,41.32,15077900.0,TWTR,41.506
1445,2019-08-07,40.51,41.9,40.33,41.73,41.73,15427600.0,TWTR,40.679
1446,2019-08-08,42.11,42.35,41.36,42.07,42.07,14684600.0,TWTR,41.001
1447,2019-08-09,41.78,41.97,40.94,41.53,41.53,11419600.0,TWTR,41.60799999999999
1448,2019-08-12,41.1,41.48,40.39,40.48,40.48,6934500.0,TWTR,42.324999999999996
1449,2019-08-13,40.41,41.86,40.38,41.81,41.81,12429900.0,TWTR,40.861999999999995
1450,2019-08-14,41.03,41.25,40.39,40.65,40.65,11638700.0,TWTR,41.095000000000006
1451,2019-08-15,40.9,41.05,39.78,40.09,40.09,12583100.0,TWTR,40.54
1452,2019-08-16,40.3,40.65,40.11,40.58,40.58,7998800.0,TWTR,40.099000000000004
1453,2019-08-19,41.1,41.88,41.05,41.7,41.7,10276500.0,TWTR,40.266000000000005
1454,2019-08-20,41.64,42.85,41.38,42.29,42.29,11356700.0,TWTR,40.87899999999999
1455,2019-08-21,42.83,43.28,42.36,42.8,42.8,12018600.0,TWTR,42.528999999999996
1456,2019-08-22,42.85,43.08,41.59,42.18,42.18,8277000.0,TWTR,43.631
1457,2019-08-23,41.82,42.69,40.81,41.0,41.0,14036200.0,TWTR,43.2
1458,2019-08-26,41.4,41.48,41.0,41.44,41.44,6403600.0,TWTR,41.541
1459,2019-08-27,42.01,42.69,41.53,42.14,42.14,16087500.0,TWTR,40.892
1460,2019-08-28,41.75,42.2,41.3,41.68,41.68,10418400.0,TWTR,41.294
1461,2019-08-29,42.25,42.65,41.82,42.49,42.49,10594400.0,TWTR,41.730000000000004
1462,2019-08-30,42.7,42.7,41.9,42.65,42.65,8863600.0,TWTR,42.716
1463,2019-09-03,42.38,43.77,41.64,41.96,41.96,16159600.0,TWTR,42.911
1464,2019-09-04,42.49,43.4,42.11,43.36,43.36,11567900.0,TWTR,42.367000000000004
1465,2019-09-05,43.78,45.33,43.62,45.3,45.3,19319800.0,TWTR,43.276999999999994
1466,2019-09-06,45.22,45.68,44.56,45.42,45.42,13108500.0,TWTR,45.050999999999995
1467,2019-09-09,45.6,45.86,43.84,44.26,44.26,14547400.0,TWTR,46.402
1468,2019-09-10,43.9,43.95,42.51,43.25,43.25,14040100.0,TWTR,46.058
1469,2019-09-11,43.55,43.78,43.05,43.25,43.25,7861200.0,TWTR,43.940000000000005
1470,2019-09-12,43.76,44.11,43.11,43.2,43.2,8251700.0,TWTR,42.415
1471,2019-09-13,43.15,43.2,42.33,42.63,42.63,8059600.0,TWTR,42.241
1472,2019-09-16,42.4,43.07,42.19,42.76,42.76,6187900.0,TWTR,42.325
1473,2019-09-17,42.9,43.59,42.88,43.24,43.24,8654400.0,TWTR,42.538
1474,2019-09-18,43.21,43.41,42.39,43.24,43.24,7845100.0,TWTR,42.878
1475,2019-09-19,43.19,43.58,42.68,42.93,42.93,7372600.0,TWTR,43.221000000000004
1476,2019-09-20,43.16,43.84,42.94,43.23,43.23,19372900.0,TWTR,43.284
1477,2019-09-23,43.29,44.09,42.85,43.38,43.38,9992400.0,TWTR,43.269
1478,2019-09-24,43.71,43.75,41.06,41.42,41.42,16120700.0,TWTR,43.28499999999999
1479,2019-09-25,41.51,42.78,41.18,42.5,42.5,9731600.0,TWTR,41.882999999999996
1480,2019-09-26,42.38,42.49,41.72,42.44,42.44,5951400.0,TWTR,41.891
1481,2019-09-27,42.5,42.67,40.61,41.35,41.35,11933700.0,TWTR,41.855999999999995
1482,2019-09-30,41.46,41.48,40.82,41.2,41.2,7541400.0,TWTR,41.306000000000004
1483,2019-10-01,41.32,41.57,40.03,40.25,40.25,9278800.0,TWTR,41.30500000000001
1484,2019-10-02,40.12,40.12,39.25,39.7,39.7,9306300.0,TWTR,39.826
1485,2019-10-03,39.59,40.16,38.61,40.0,40.0,13421400.0,TWTR,39.013999999999996
1486,2019-10-04,40.36,40.59,39.83,40.36,40.36,6283700.0,TWTR,39.24
1487,2019-10-07,40.24,40.87,40.06,40.8,40.8,6563700.0,TWTR,39.723
1488,2019-10-08,40.41,40.48,39.67,39.7,39.7,7304300.0,TWTR,40.75
1489,2019-10-09,39.99,40.1,39.22,39.5,39.5,8021300.0,TWTR,40.352000000000004
1490,2019-10-10,39.34,39.89,39.26,39.54,39.54,6718000.0,TWTR,39.574000000000005
1491,2019-10-11,39.89,40.7,39.81,40.36,40.36,9198900.0,TWTR,39.098000000000006
1492,2019-10-14,40.32,40.47,39.47,39.78,39.78,6393600.0,TWTR,39.66799999999999
1493,2019-10-15,39.56,40.4,39.35,40.28,40.28,7676700.0,TWTR,40.082
1494,2019-10-16,40.01,40.46,39.6,39.91,39.91,8324900.0,TWTR,40.432
1495,2019-10-17,40.12,40.15,39.41,39.61,39.61,7147100.0,TWTR,40.172000000000004
1496,2019-10-18,39.69,39.91,38.27,38.99,38.99,12582900.0,TWTR,39.577
1497,2019-10-21,39.35,40.29,39.31,40.09,40.09,9351100.0,TWTR,39.039
1498,2019-10-22,40.48,40.48,38.78,38.81,38.81,12817700.0,TWTR,39.385999999999996
1499,2019-10-23,38.99,39.45,37.76,38.83,38.83,20276200.0,TWTR,38.966
1500,2019-10-24,31.86,32.39,30.51,30.75,30.75,105112000.0,TWTR,38.74399999999999
1501,2019-10-25,30.87,31.04,29.92,30.3,30.3,43837200.0,TWTR,32.172000000000004
1502,2019-10-28,30.5,30.66,29.75,30.06,30.06,29893900.0,TWTR,27.464000000000006
1503,2019-10-29,30.0,30.36,29.82,29.85,29.85,20674800.0,TWTR,25.941000000000003
1504,2019-10-30,30.15,30.17,29.72,29.86,29.86,25518700.0,TWTR,26.362999999999996
1505,2019-10-31,29.47,29.98,28.84,29.97,29.97,36865100.0,TWTR,29.494999999999997
1506,2019-11-01,29.96,30.26,29.41,29.62,29.62,22716700.0,TWTR,29.75
1507,2019-11-04,29.77,30.15,29.61,30.05,30.05,20340200.0,TWTR,29.644
1508,2019-11-05,30.19,30.36,29.71,29.81,29.81,16645900.0,TWTR,29.918000000000006
1509,2019-11-06,29.85,29.9,29.4,29.54,29.54,15313800.0,TWTR,29.856
1510,2019-11-07,29.0,29.59,28.63,29.05,29.05,22740600.0,TWTR,29.597
1511,2019-11-08,29.16,29.43,29.05,29.21,29.21,10619500.0,TWTR,29.119000000000007
1512,2019-11-11,29.13,29.35,28.92,29.34,29.34,9675000.0,TWTR,28.8
1513,2019-11-12,29.36,29.5,28.93,29.05,29.05,15144200.0,TWTR,29.008999999999997
1514,2019-11-13,29.04,29.3,28.93,29.08,29.08,9217700.0,TWTR,29.031000000000006
1515,2019-11-14,29.16,29.37,28.73,28.89,28.89,13684600.0,TWTR,29.116000000000003
1516,2019-11-15,29.05,29.43,28.91,29.25,29.25,12163300.0,TWTR,28.843999999999994
1517,2019-11-18,29.24,29.74,29.01,29.49,29.49,14493100.0,TWTR,29.020000000000003
1518,2019-11-19,29.62,29.67,29.18,29.44,29.44,9950900.0,TWTR,29.466999999999995
1519,2019-11-20,29.3,29.48,28.88,29.17,29.17,14280400.0,TWTR,29.626
1520,2019-11-21,29.2,30.49,29.15,29.79,29.79,24304400.0,TWTR,29.473000000000003
1521,2019-11-22,29.87,30.17,29.58,30.03,30.03,14188300.0,TWTR,29.656
1522,2019-11-25,30.13,30.57,30.05,30.54,30.54,14035700.0,TWTR,30.012999999999998
1523,2019-11-26,30.57,30.99,30.4,30.96,30.96,16323900.0,TWTR,30.712
1524,2019-11-27,31.0,31.36,30.93,31.17,31.17,14151900.0,TWTR,31.397000000000002
1525,2019-11-29,31.11,31.14,30.78,30.91,30.91,7814500.0,TWTR,31.605000000000004
1526,2019-12-02,30.91,30.95,29.97,30.42,30.42,14524700.0,TWTR,31.439
1527,2019-12-03,29.94,30.01,29.48,29.97,29.97,16399500.0,TWTR,30.713000000000005
1528,2019-12-04,30.18,30.33,29.91,30.0,30.0,9765000.0,TWTR,29.866999999999997
1529,2019-12-05,30.08,30.36,29.92,30.04,30.04,11060800.0,TWTR,29.509999999999998
1530,2019-12-06,30.35,30.47,29.98,30.19,30.19,10869700.0,TWTR,29.62
1531,2019-12-09,30.12,30.75,30.12,30.21,30.21,9955100.0,TWTR,30.007
1532,2019-12-10,30.23,30.26,29.77,29.84,29.84,12362400.0,TWTR,30.283
1533,2019-12-11,29.95,30.6,29.86,30.55,30.55,11006200.0,TWTR,30.011000000000003
1534,2019-12-12,30.47,30.59,29.93,30.3,30.3,18912600.0,TWTR,30.367000000000004
1535,2019-12-13,30.24,30.61,30.24,30.39,30.39,12836700.0,TWTR,30.386000000000003
1536,2019-12-16,30.52,31.28,30.41,30.97,30.97,15852100.0,TWTR,30.503999999999998
1537,2019-12-17,31.07,31.21,30.63,30.7,30.7,11906500.0,TWTR,31.040000000000006
1538,2019-12-18,30.69,31.91,30.63,31.68,31.68,19030900.0,TWTR,30.872999999999998
1539,2019-12-19,31.75,32.42,31.61,32.03,32.03,19880000.0,TWTR,31.729
1540,2019-12-20,32.12,32.25,31.54,32.13,32.13,21854600.0,TWTR,32.351000000000006
1541,2019-12-23,32.13,32.8,31.99,32.43,32.43,13983300.0,TWTR,32.597
1542,2019-12-24,32.44,32.71,32.42,32.5,32.5,4290500.0,TWTR,32.967000000000006
1543,2019-12-26,32.59,32.89,32.42,32.63,32.63,9797300.0,TWTR,32.766000000000005
1544,2019-12-27,32.75,32.84,32.22,32.55,32.55,10409400.0,TWTR,32.815000000000005
1545,2019-12-30,32.49,32.5,31.82,32.03,32.03,9391200.0,TWTR,32.76
1546,2019-12-31,31.86,32.32,31.77,32.05,32.05,11050600.0,TWTR,32.203
1547,2020-01-02,32.31,32.5,31.96,32.3,32.3,10721100.0,TWTR,31.901999999999997
1548,2020-01-03,31.71,32.1,31.26,31.52,31.52,14429500.0,TWTR,31.96399999999999
1549,2020-01-06,31.23,31.71,31.16,31.64,31.64,12582500.0,TWTR,31.553
1550,2020-01-07,31.8,32.7,31.72,32.54,32.54,13712900.0,TWTR,31.514999999999997
1551,2020-01-08,32.35,33.4,32.35,33.05,33.05,14632400.0,TWTR,32.106
1552,2020-01-09,33.53,33.54,33.0,33.22,33.22,10865500.0,TWTR,32.966
1553,2020-01-10,32.86,33.01,32.46,32.78,32.78,11148900.0,TWTR,33.836999999999996
1554,2020-01-13,32.97,33.07,32.49,32.69,32.69,11001300.0,TWTR,33.534000000000006
1555,2020-01-14,32.69,33.12,32.64,32.82,32.82,9814200.0,TWTR,32.865
1556,2020-01-15,32.99,33.51,32.95,33.23,33.23,11258100.0,TWTR,32.615
1557,2020-01-16,33.5,34.27,33.03,34.19,34.19,19919900.0,TWTR,32.96599999999999
1558,2020-01-17,33.82,34.39,33.58,34.22,34.22,19303500.0,TWTR,34.14999999999999
1559,2020-01-21,34.08,34.39,33.87,34.09,34.09,17055600.0,TWTR,34.758999999999986
1560,2020-01-22,34.29,34.54,33.96,34.02,34.02,12851800.0,TWTR,34.769
1561,2020-01-23,33.99,34.36,33.72,33.89,33.89,14887200.0,TWTR,34.394000000000005
1562,2020-01-24,34.11,34.11,32.97,33.19,33.19,12336600.0,TWTR,33.84200000000001
1563,2020-01-27,32.31,32.93,32.15,32.78,32.78,11800800.0,TWTR,33.204
1564,2020-01-28,33.06,33.66,32.85,33.42,33.42,9739400.0,TWTR,32.559
1565,2020-01-29,33.59,33.88,33.29,33.63,33.63,7563700.0,TWTR,32.767
1566,2020-01-30,32.86,33.23,32.39,33.22,33.22,12083800.0,TWTR,33.295
1567,2020-01-31,33.11,33.14,32.08,32.48,32.48,12033100.0,TWTR,33.521
1568,2020-02-03,32.56,33.24,32.45,33.07,33.07,14196200.0,TWTR,32.866
1569,2020-02-04,33.75,34.12,33.4,33.96,33.96,14598200.0,TWTR,32.609
1570,2020-02-05,34.0,34.16,33.19,33.39,33.39,20468200.0,TWTR,33.425
1571,2020-02-06,36.53,39.64,36.42,38.41,38.41,87659700.0,TWTR,33.77
1572,2020-02-07,37.63,38.15,36.84,37.03,37.03,31135100.0,TWTR,37.91599999999999
1573,2020-02-10,36.63,36.85,35.65,35.96,35.96,34860300.0,TWTR,38.882999999999996
1574,2020-02-11,36.12,36.28,35.53,35.65,35.65,14464700.0,TWTR,38.042
1575,2020-02-12,36.19,37.02,36.17,36.79,36.79,20716400.0,TWTR,36.709
1576,2020-02-13,36.43,37.32,36.21,37.16,37.16,19621400.0,TWTR,35.382
1577,2020-02-14,37.0,37.35,36.58,36.91,36.91,12210400.0,TWTR,36.845
1578,2020-02-18,36.78,38.07,36.68,38.06,38.06,16793600.0,TWTR,37.516999999999996
1579,2020-02-19,38.09,38.91,37.94,38.77,38.77,19068600.0,TWTR,38.39600000000001
1580,2020-02-20,38.76,39.06,37.96,39.05,39.05,17273400.0,TWTR,38.996
1581,2020-02-21,38.67,38.76,38.04,38.31,38.31,15312000.0,TWTR,39.682
1582,2020-02-24,36.5,36.59,35.3,35.89,35.89,25155400.0,TWTR,39.357000000000006
1583,2020-02-25,36.18,36.45,34.89,35.21,35.21,19841300.0,TWTR,36.57599999999999
1584,2020-02-26,35.28,35.82,34.44,34.63,34.63,18044300.0,TWTR,34.361999999999995
1585,2020-02-27,33.73,34.2,32.47,33.01,33.01,27221400.0,TWTR,33.036
1586,2020-02-28,31.86,33.37,31.51,33.2,33.2,33688900.0,TWTR,31.851999999999993
1587,2020-03-02,36.0,36.86,35.14,35.82,35.82,39914700.0,TWTR,32.114
1588,2020-03-03,36.02,36.48,34.41,34.93,34.93,22973100.0,TWTR,34.311
1589,2020-03-04,35.76,36.0,34.77,36.0,36.0,14980300.0,TWTR,35.340999999999994
1590,2020-03-05,35.03,35.73,34.52,34.97,34.97,14132200.0,TWTR,36.905
1591,2020-03-06,33.81,33.99,32.51,33.46,33.46,20361100.0,TWTR,36.1
1592,2020-03-09,31.81,35.36,30.62,32.46,32.46,41767600.0,TWTR,33.632000000000005
1593,2020-03-10,33.9,34.78,33.12,34.31,34.31,27327600.0,TWTR,32.120000000000005
1594,2020-03-11,33.3,33.46,30.01,31.3,31.3,27445400.0,TWTR,32.473
1595,2020-03-12,29.08,29.69,26.7,26.78,26.78,32519500.0,TWTR,31.35300000000001
1596,2020-03-13,28.83,29.41,26.4,29.29,29.29,29059100.0,TWTR,27.306000000000004
1597,2020-03-16,26.12,28.35,23.92,24.04,24.04,28768100.0,TWTR,26.667
1598,2020-03-17,24.38,25.84,23.18,24.48,24.48,28741700.0,TWTR,22.37899999999999
1599,2020-03-18,22.95,23.49,20.0,22.0,22.0,31012700.0,TWTR,22.263999999999996
1600,2020-03-19,22.11,25.17,20.66,24.13,24.13,29980000.0,TWTR,21.006999999999998
1601,2020-03-20,24.97,25.86,23.7,23.95,23.95,28250700.0,TWTR,21.080000000000002
1602,2020-03-23,23.8,25.25,23.5,24.69,24.69,21882600.0,TWTR,23.561
1603,2020-03-24,25.79,26.46,24.13,25.85,25.85,32815900.0,TWTR,24.561
1604,2020-03-25,25.85,27.46,24.52,25.97,25.97,25738800.0,TWTR,26.602000000000004
1605,2020-03-26,26.15,27.03,25.63,26.41,26.41,20435300.0,TWTR,26.592
1606,2020-03-27,25.56,25.83,24.76,25.29,25.29,22069300.0,TWTR,27.234
1607,2020-03-30,25.25,25.94,24.6,25.59,25.59,20720800.0,TWTR,26.17
1608,2020-03-31,25.79,26.33,24.4,24.56,24.56,24993400.0,TWTR,25.462000000000003
1609,2020-04-01,23.7,24.39,23.05,23.32,23.32,20027000.0,TWTR,24.472
1610,2020-04-02,23.0,23.58,22.36,23.02,23.02,17114800.0,TWTR,22.961000000000006
1611,2020-04-03,24.1,24.32,22.75,23.09,23.09,25029700.0,TWTR,22.312999999999995
1612,2020-04-06,24.1,25.05,23.79,24.93,24.93,26014900.0,TWTR,21.954
1613,2020-04-07,25.97,26.86,25.31,25.61,25.61,25831100.0,TWTR,23.936999999999998
1614,2020-04-08,26.79,28.46,25.92,27.86,27.86,31240800.0,TWTR,25.941000000000006
1615,2020-04-09,28.48,29.05,27.28,27.77,27.77,22233200.0,TWTR,28.561999999999994
1616,2020-04-13,27.55,27.62,26.24,27.21,27.21,15059900.0,TWTR,29.538999999999998
1617,2020-04-14,28.0,28.41,27.6,27.94,27.94,13766200.0,TWTR,28.692
1618,2020-04-15,27.1,27.64,26.75,27.51,27.51,15822200.0,TWTR,28.481
1619,2020-04-16,26.86,27.17,25.96,26.55,26.55,21946600.0,TWTR,27.499
1620,2020-04-17,27.16,27.92,26.47,26.7,26.7,21129500.0,TWTR,26.754000000000005
1621,2020-04-20,26.31,27.53,26.11,27.01,27.01,16755400.0,TWTR,26.458999999999996
1622,2020-04-21,26.39,26.72,25.06,25.75,25.75,28093700.0,TWTR,26.341
1623,2020-04-22,27.0,28.5,26.45,28.44,28.44,28587500.0,TWTR,25.786
1624,2020-04-23,28.43,28.84,27.73,27.86,27.86,19019600.0,TWTR,27.739000000000004
1625,2020-04-24,27.99,28.84,27.46,28.74,28.74,15936400.0,TWTR,28.276999999999997
1626,2020-04-27,29.13,30.39,29.13,30.0,30.0,22490600.0,TWTR,29.231
1627,2020-04-28,30.4,30.45,28.57,28.79,28.79,23364000.0,TWTR,30.798
1628,2020-04-29,30.06,31.5,29.62,31.09,31.09,29568800.0,TWTR,29.618
1629,2020-04-30,28.79,30.57,28.09,28.68,28.68,68791300.0,TWTR,31.249000000000002
1630,2020-05-01,28.0,28.45,27.19,27.84,27.84,28231100.0,TWTR,29.751000000000005
1631,2020-05-04,27.6,28.42,27.39,28.23,28.23,17846300.0,TWTR,27.951
1632,2020-05-05,28.67,28.73,27.9,28.07,28.07,19221900.0,TWTR,27.615
1633,2020-05-06,28.35,28.42,27.55,27.68,27.68,15531000.0,TWTR,26.834999999999997
1634,2020-05-07,28.08,28.78,27.94,28.77,28.77,16190500.0,TWTR,27.569
1635,2020-05-08,29.09,29.97,28.74,29.93,29.93,19208800.0,TWTR,28.511000000000003
1636,2020-05-11,29.65,30.08,29.33,29.69,29.69,13831900.0,TWTR,29.76599999999999
1637,2020-05-12,29.85,29.93,29.09,29.15,29.15,13734500.0,TWTR,30.474999999999998
1638,2020-05-13,29.24,29.68,27.58,28.13,28.13,19401700.0,TWTR,30.202
1639,2020-05-14,27.83,28.58,27.12,28.56,28.56,12364700.0,TWTR,28.515999999999995
1640,2020-05-15,28.3,29.25,28.11,29.0,29.0,15939200.0,TWTR,27.802
1641,2020-05-18,29.7,30.29,29.56,29.64,29.64,15790000.0,TWTR,28.314999999999998
1642,2020-05-19,29.7,30.35,29.33,29.88,29.88,17386200.0,TWTR,29.451000000000008
1643,2020-05-20,30.5,32.35,30.45,32.23,32.23,26955500.0,TWTR,30.416000000000004
1644,2020-05-21,32.1,32.61,31.39,32.34,32.34,22881700.0,TWTR,32.328
1645,2020-05-22,32.38,32.77,31.78,32.62,32.62,13310700.0,TWTR,33.399
1646,2020-05-26,33.6,34.27,33.36,34.01,34.01,20489300.0,TWTR,33.868
1647,2020-05-27,33.63,34.0,32.24,33.07,33.07,24550900.0,TWTR,34.81099999999999
1648,2020-05-28,31.5,32.68,31.32,31.6,31.6,37254900.0,TWTR,33.859
1649,2020-05-29,31.56,31.61,30.29,30.97,30.97,39427700.0,TWTR,32.419
1650,2020-06-01,31.06,32.1,30.84,31.89,31.89,14583600.0,TWTR,30.740999999999993
1651,2020-06-02,32.19,32.42,31.61,32.26,32.26,15318400.0,TWTR,30.406000000000006
1652,2020-06-03,32.61,35.04,32.44,34.88,34.88,28396300.0,TWTR,31.558999999999994
1653,2020-06-04,34.5,34.94,33.34,33.72,33.72,20265100.0,TWTR,34.675
1654,2020-06-05,34.47,35.97,34.47,34.87,34.87,23211500.0,TWTR,35.291000000000004
1655,2020-06-08,35.96,36.94,35.75,36.64,36.64,20211900.0,TWTR,35.75
1656,2020-06-09,35.99,36.2,35.16,35.92,35.92,17840700.0,TWTR,37.099000000000004
1657,2020-06-10,36.12,36.44,34.9,35.14,35.14,17480700.0,TWTR,36.706
1658,2020-06-11,33.13,34.45,32.72,33.03,33.03,23727900.0,TWTR,36.42500000000001
1659,2020-06-12,33.94,34.17,32.47,33.4,33.4,14699100.0,TWTR,33.566
1660,2020-06-15,32.91,34.19,32.84,34.11,34.11,19342200.0,TWTR,32.01500000000001
1661,2020-06-16,35.14,35.46,34.21,34.63,34.63,20132400.0,TWTR,32.71200000000001
1662,2020-06-17,34.49,34.82,34.1,34.34,34.34,12261900.0,TWTR,34.08
1663,2020-06-18,34.3,34.45,33.86,34.03,34.03,10543600.0,TWTR,35.057
1664,2020-06-19,34.64,34.95,33.4,33.41,33.41,19345500.0,TWTR,34.549
1665,2020-06-22,33.57,33.64,32.95,33.47,33.47,12896600.0,TWTR,33.50399999999999
1666,2020-06-23,33.75,33.8,32.73,32.91,32.91,20549300.0,TWTR,33.001
1667,2020-06-24,32.53,33.06,31.34,31.73,31.73,16586800.0,TWTR,32.605999999999995
1668,2020-06-25,31.54,31.61,30.82,31.37,31.37,17802600.0,TWTR,31.580000000000002
1669,2020-06-26,31.12,31.32,28.75,29.05,29.05,56913600.0,TWTR,30.832
1670,2020-06-29,28.51,30.04,28.23,29.49,29.49,27482800.0,TWTR,28.592
1671,2020-06-30,29.63,29.82,29.02,29.79,29.79,20648000.0,TWTR,28.054000000000002
1672,2020-07-01,30.15,31.17,30.06,30.81,30.81,20779000.0,TWTR,28.558
1673,2020-07-02,31.3,31.4,30.4,30.87,30.87,14553700.0,TWTR,29.987999999999992
1674,2020-07-06,31.55,32.81,31.16,32.34,32.34,22400000.0,TWTR,31.49
1675,2020-07-07,31.96,33.67,31.77,32.99,32.99,27940900.0,TWTR,32.69400000000001
1676,2020-07-08,33.2,36.98,32.73,35.41,35.41,109655000.0,TWTR,33.739000000000004
1677,2020-07-09,35.88,36.18,34.81,35.72,35.72,34648800.0,TWTR,35.88
1678,2020-07-10,35.46,35.76,34.86,35.4,35.4,15238700.0,TWTR,37.297
1679,2020-07-13,35.72,36.21,33.76,33.82,33.82,22480600.0,TWTR,37.027
